SID,(SKU FOR SCANAPP),(TN FOR SCANAPP)
S7X1ZT1213,20070002,TN-01001911
S7X1ZT0409,20070007,TN-01003091
S7X1ZT0410,20070008,TN-01003092
S7X1ZT1250,20070028,TN-01001050
S7X1ZT0416,20080027,TN-01001323
S7X1ZT0412,20100028,TN-01003407
S7X1ZT0414,20100029,TN-01003320
S7X1ZT0497,20110005,TN-01003031
S7X1ZT0653,20110021,TN-01001077
S7X1ZT0491,20110024,TN-01001074
S7X1ZT0654,20110025,TN-01001332
S7X1ZT0482,20110054,TN-01001056
S7X1ZT0481,20110061,TN-01001057
S7X1ZT0505,20110065,TN-01001071
S7X1ZT0485,20110068,TN-01001062
S7X1ZT0486,20110075,TN-01001072
S7X1ZT0489,20110083,TN-01001136
S7X1ZT0495,20120009,TN-01001053
S7X1ZT0480,20120023,TN-01001065
S7X1ZT0790,20120027,TN-01001026
S7X1ZT0791,20120027,TN-01001027
S7X1ZT0795,20120027,TN-01001028
S7X1ZT0799,20120027,TN-01001029
S7X1ZT0800,20120027,TN-01001030
S7X1ZT0801,20120027,TN-01001031
S7X1ZT0802,20120027,TN-01001032
S7X1ZT0803,20120027,TN-01001033
S7X1ZT0804,20120027,TN-01001034
S7X1ZT0805,20120027,TN-01001035
S7X1ZT0478,20120035,TN-01001063
S7X1ZT0017,21010031,TN-01001497
S7X1ZT0018,21010032,TN-01003408
S7X1ZT0490,21010061,TN-01001078
S7X1ZT0656,21010062,TN-01003079
S7X1ZT0415,21020022,TN-01001326
S7X1ZT0657,21020023,TN-01003002
S7X1ZT0488,21020047,TN-01001045
S7X1ZT0418,21020054,TN-01003314
S7X1ZT0413,21020055,TN-01003322
S7X1ZT0504,21020069,TN-01001054
S7X1ZT0403,21020074,TN-01001073
S7X1ZT0499,21030014,TN-01001324
S7X1ZT0501,21030033,TN-01001042
S7X1ZT0500,21030038,TN-01001070
S7X1ZT0528,21030039,TN-01001069
S7X1ZT0492,21030041,TN-01001059
S7X1ZT0502,21030042,TN-01001066
S7X1ZT0496,21030043,TN-01001137
S7X1ZT0483,21030046,TN-01001068
S7X1ZT0405,21030051,TN-01001060
S7X1ZT0530,21030053,TN-01001051
S7X1ZT0484,21030056,TN-01001055
S7X1ZT0515,21040001,TN-01001061
S7X1ZT0514,21040003,TN-01001058
S7X1ZT0498,21040007,TN-01001076
S7X1ZT0658,21040008,TN-01003036
S7X1ZT0493,21040009,TN-01001067
S7X1ZT0494,21040010,TN-01003064
S7X1ZT0507,21040018,TN-01003065
S7X1ZT0406,21040025,TN-01003096
S7X1ZT0404,21040031,TN-01001082
S7X1ZT0411,21040032,TN-01002999
S7X1ZT0417,21040046,TN-01003305
S7X1ZT0487,21040051,TN-01003066
S7X1ZT0479,21040060,TN-01001064
S7X1ZT0503,21040062,TN-01001075
S7X1ZT0659,21040069,TN-01003044
S7X1ZT0524,21050008,TN-01001132
S7X1ZT0660,21050008,TN-01001132
S7X1ZT0506,21050021,TN-01001126
S7X1ZT0446,21050024,TN-01001146
S7X1ZT0526,21050043,TN-01003156
S7X1ZT0539,21050044,TN-01001319
S7X1ZT0533,21050045,TN-01001318
S7X1ZT0508,21050070,TN-01001337
S7X1ZT0522,21050074,TN-01001133
S7X1ZT0523,21050075,TN-01003130
S7X1ZT0509,21050105,TN-01001147
S7X1ZT0511,21050106,TN-01001317
S7X1ZT0510,21050107,TN-01003152
S7X1ZT0407,21050110,TN-01001402
S7X1ZT0536,21050127,TN-01001328
S7X1ZT0516,21050128,TN-01001329
S7X1ZT0535,21050129,TN-01003171
S7X1ZT0016,21060013,TN-01001140
S7X1ZT0022,21060016,TN-01001138
S7X1ZT0027,21060021,TN-01001139
S7X1ZT1006,21060027,TN-01001141
S7X1ZT0419,21060028,TN-01001142
S7X1ZT0661,21060032,TN-01001144
S7X1ZT0662,21060033,TN-01001143
S7X1ZT0534,21060034,TN-01001145
S7X1ZT0642,21060056,TN-01001128
S7X1ZT0706,21060060,TN-01001129
S7X1ZT0467,21060061,TN-01001135
S7X1ZT0708,21060062,TN-01001131
S7X1ZT0707,21060063,TN-01001134
S7X1ZT0383,21060064,TN-01003126
S7X1ZT1030,21060067,TN-01001127
S7X1ZT1031,21060068,TN-01001130
S7X1ZT0518,21060095,TN-01001336
S7X1ZT0552,21060098,TN-01003173
S7X1ZT0521,21060103,TN-01001331
S7X1ZT0529,21060104,TN-01003172
S7X1ZT0513,21060105,TN-01003178
S7X1ZT0537,21060113,TN-01001325
S7X1ZT0555,21060128,TN-01003225
S7X1ZT0557,21060130,TN-01001335
S7X1ZT0540,21060133,TN-01001359
S7X1ZT0026,21060139,TN-01003197
S7X1ZT0663,21060140,TN-01001358
S7X1ZT0558,21070001,TN-01003229
S7X1ZT0546,21070002,TN-01001360
S7X1ZT0664,21070004,TN-01003205
S7X1ZT0544,21070006,TN-01001361
S7X1ZT0538,21070013,TN-01001363
S7X1ZT0545,21070014,TN-01001364
S7X1ZT0023,21070022,TN-01004018
S7X1ZT0543,21070029,TN-01003251
S7X1ZT0547,21070030,TN-01001373
S7X1ZT0666,21070032,TN-01003252
S7X1ZT0408,21070033,TN-01001376
S7X1ZT0525,21070034,TN-01001377
S7X1ZT0428,21070035,TN-01001375
S7X1ZT0549,21070037,TN-01001368
S7X1ZT0531,21070042,TN-01001369
S7X1ZT0519,21070043,TN-01001367
S7X1ZT0560,21070044,TN-01001371
S7X1ZT0527,21070047,TN-01003243
S7X1ZT0422,21070048,TN-01003234
S7X1ZT0520,21070053,TN-01001370
S7X1ZT0423,21070055,TN-01001365
S7X1ZT0532,21070061,TN-01003241
S7X1ZT0553,21070063,TN-01001374
S7X1ZT0548,21070070,TN-01003233
S7X1ZT0542,21070071,TN-01001372
S7X1ZT0424,21070073,TN-01001366
S7X1ZT0667,21080001,TN-01001378
S7X1ZT0668,21080019,TN-01003290
S7X1ZT0669,21080021,TN-01001379
S7X1ZT0670,21080022,TN-01001387
S7X1ZT0541,21080023,TN-01003283
S7X1ZT0430,21080025,TN-01001388
S7X1ZT0959,21080026,TN-01001381
S7X1ZT0561,21080027,TN-01001382
S7X1ZT0556,21080028,TN-01001380
S7X1ZT0551,21080029,TN-01003280
S7X1ZT0037,21080030,TN-01001494
S7X1ZT0671,21080033,TN-01001383
S7X1ZT0559,21080036,TN-01001385
S7X1ZT0554,21080038,TN-01003289
S7X1ZT0672,21080040,TN-01003293
S7X1ZT0042,21080043,TN-01001507
S7X1ZT0673,21080045,TN-01001389
S7X1ZT0674,21080046,TN-01001390
S7X1ZT0427,21080047,TN-01003292
S7X1ZT0032,21090010,TN-01003400
S7X1ZT0675,21090011,TN-01001391
S7X1ZT0676,21090012,TN-01001392
S7X1ZT0677,21090013,TN-01001393
S7X1ZT0678,21090014,TN-01001394
S7X1ZT0679,21090015,TN-01001395
S7X1ZT0680,21090017,TN-01001396
S7X1ZT0681,21090019,TN-01001397
S7X1ZT0682,21090020,TN-01001398
S7X1ZT0683,21090024,TN-01001399
S7X1ZT0684,21090025,TN-01001400
S7X1ZT0425,21090030,TN-01001401
S7X1ZT0049,21090036,TN-01001467
S7X1ZT0055,21090037,TN-01001468
S7X1ZT0059,21090038,TN-01001469
S7X1ZT0043,21100002,TN-01003379
S7X1ZT0052,21100005,TN-01003387
S7X1ZT0044,21100006,TN-01001493
S7X1ZT0051,21100007,TN-01003388
S7X1ZT0053,21100008,TN-01003389
S7X1ZT0060,21100009,TN-01003390
S7X1ZT0054,21100010,TN-01003391
S7X1ZT0034,21100011,TN-01003392
S7X1ZT0046,21100012,TN-01003393
S7X1ZT0033,21100013,TN-01003394
S7X1ZT0057,21100014,TN-01003395
S7X1ZT0061,21100015,TN-01003396
S7X1ZT0035,21100016,TN-01003397
S7X1ZT0048,21100019,TN-01001464
S7X1ZT0063,21100020,TN-01003370
S7X1ZT0039,21100021,TN-01003371
S7X1ZT0062,21100022,TN-01003372
S7X1ZT0040,21100023,TN-01001465
S7X1ZT0036,21100024,TN-01003373
S7X1ZT0056,21100025,TN-01001466
S7X1ZT0426,21100027,TN-01001463
S7X1ZT0041,21100028,TN-01003399
S7X1ZT0095,21100034,TN-01003398
S7X1ZT0097,21100035,TN-01003423
S7X1ZT0065,21100037,TN-01005621
S7X1ZT0069,21100038,TN-01003410
S7X1ZT0070,21100039,TN-01003411
S7X1ZT0092,21100040,TN-01001503
S7X1ZT0066,21100041,TN-01001504
S7X1ZT0071,21100042,TN-01003365
S7X1ZT0067,21100046,TN-01003374
S7X1ZT0084,21100047,TN-01003375
S7X1ZT0073,21100048,TN-01003376
S7X1ZT0100,21100049,TN-01003377
S7X1ZT0078,21100050,TN-01003378
S7X1ZT0068,21105000,TN-01001532
S7X1ZT0072,21105001,TN-01003455
S7X1ZT0075,21105002,TN-01003456
S7X1ZT0087,21105005,TN-01003457
S7X1ZT0106,21105201,TN-01003447
S7X1ZT0088,21105203,TN-01003420
S7X1ZT0093,21105204,TN-01001528
S7X1ZT0108,21105205,TN-01003443
S7X1ZT0089,21105206,TN-01001527
S7X1ZT0096,21105207,TN-01001526
S7X1ZT0577,21105208,TN-01003441
S7X1ZT0593,21105209,TN-01003419
S7X1ZT0569,21105210,TN-01001577
S7X1ZT0431,21105211,TN-01003417
S7X1ZT0094,21105213,TN-01003440
S7X1ZT0080,21110006,TN-01003412
S7X1ZT0109,21110007,TN-01003414
S7X1ZT0685,21110122,TN-01003415
S7X1ZT0429,21110124,TN-01001501
S7X1ZT0625,21110131,TN-01001505
S7X1ZT0433,21110134,TN-01003422
S7X1ZT0626,21115001,TN-01001502
S7X1ZT0570,21115002,TN-01001582
S7X1ZT0603,21115007,TN-01003452
S7X1ZT0573,21115201,TN-01003418
S7X1ZT0606,21115202,TN-01001525
S7X1ZT0435,21120011,TN-01003442
S7X1ZT0432,21120012,TN-01001517
S7X1ZT0434,21120016,TN-01003472
S7X1ZT0436,21120018,TN-01003445
S7X1ZT0686,21120022,TN-01003438
S7X1ZT0358,21120024,TN-01001519
S7X1ZT0354,21120025,TN-01001520
S7X1ZT0687,21120026,TN-01001521
S7X1ZT1037,21120027,TN-01003534
S7X1ZT0688,21120031,TN-01001522
S7X1ZT0379,21120038,TN-01001531
S7X1ZT0378,21120040,TN-01003446
S7X1ZT0582,21125001,TN-01003449
S7X1ZT0579,21125002,TN-01001583
S7X1ZT0575,21125003,TN-01001529
S7X1ZT0421,21125007,TN-01003458
S7X1ZT0588,21125008,TN-01003450
S7X1ZT0607,21125009,TN-01003451
S7X1ZT0420,21125202,TN-01003448
S7X1ZT0583,21125203,TN-01001646
S7X1ZT0615,22010020,TN-01003542
S7X1ZT0627,22010025,TN-01003454
S7X1ZT0614,22010028,TN-01001710
S7X1ZT0351,22010029,TN-01001551
S7X1ZT0376,22010032,TN-01001546
S7X1ZT0359,22010033,TN-01003474
S7X1ZT0353,22010034,TN-01001552
S7X1ZT0440,22010047,TN-01001549
S7X1ZT0437,22010048,TN-01001550
S7X1ZT0439,22010052,TN-01003488
S7X1ZT0385,22010054,TN-01001564
S7X1ZT0368,22010055,TN-01001565
S7X1ZT0381,22010056,TN-01001563
S7X1ZT0355,22010057,TN-01001562
S7X1ZT0373,22010058,TN-01001561
S7X1ZT0374,22010059,TN-01001606
S7X1ZT0442,22010070,TN-01001556
S7X1ZT0451,22010071,TN-01001557
S7X1ZT0441,22010072,TN-01001558
S7X1ZT0438,22010073,TN-01001559
S7X1ZT0443,22010074,TN-01001560
S7X1ZT0091,22010300,TN-01003462
S7X1ZT0103,22010301,TN-01003463
S7X1ZT0099,22010304,TN-01003464
S7X1ZT0631,22010305,TN-01001535
S7X1ZT0637,22010306,TN-01001536
S7X1ZT0638,22010307,TN-01003465
S7X1ZT0633,22010308,TN-01001537
S7X1ZT0083,22010309,TN-01001538
S7X1ZT0636,22010314,TN-01001539
S7X1ZT0630,22010315,TN-01001540
S7X1ZT0107,22010316,TN-01003466
S7X1ZT0629,22010317,TN-01001541
S7X1ZT0635,22010321,TN-01001542
S7X1ZT0634,22010323,TN-01001543
S7X1ZT0628,22010324,TN-01001544
S7X1ZT0141,22010325,TN-01003608
S7X1ZT0127,22010326,TN-01003467
S7X1ZT0129,22010329,TN-01003468
S7X1ZT0135,22010331,TN-01003609
S7X1ZT0384,22010348,TN-01003460
S7X1ZT0783,22010349,TN-01001534
S7X1ZT0640,22010364,TN-01003461
S7X1ZT0361,22010393,TN-01001569
S7X1ZT0464,22010394,TN-01001680
S7X1ZT0617,22010395,TN-01001578
S7X1ZT0857,22010396,TN-01001579
S7X1ZT0477,22010397,TN-01001580
S7X1ZT0372,22010401,TN-01003476
S7X1ZT1055,22010402,TN-01001809
S7X1ZT0620,22010403,TN-01003477
S7X1ZT0356,22010406,TN-01001570
S7X1ZT0709,22010407,TN-01001581
S7X1ZT0357,22010409,TN-01001571
S7X1ZT0387,22010411,TN-01003478
S7X1ZT0362,22010413,TN-01001568
S7X1ZT0363,22010415,TN-01001572
S7X1ZT0386,22010418,TN-01003479
S7X1ZT0154,22010502,TN-01001584
S7X1ZT0116,22010503,TN-01001585
S7X1ZT0118,22010504,TN-01001586
S7X1ZT0160,22010505,TN-01001587
S7X1ZT0156,22010506,TN-01001588
S7X1ZT0152,22010507,TN-01001589
S7X1ZT0120,22010508,TN-01001590
S7X1ZT0181,22010509,TN-01001591
S7X1ZT0121,22010510,TN-01001592
S7X1ZT0137,22010511,TN-01003480
S7X1ZT0190,22010512,TN-01003481
S7X1ZT0122,22010513,TN-01003482
S7X1ZT0153,22010514,TN-01003483
S7X1ZT0163,22010515,TN-01005530
S7X1ZT0142,22010516,TN-01005531
S7X1ZT0139,22010518,TN-01001594
S7X1ZT0168,22010520,TN-01003484
S7X1ZT0202,22010522,TN-01001596
S7X1ZT0192,22010523,TN-01001597
S7X1ZT0134,22010526,TN-01006222
S7X1ZT0203,22010528,TN-01003485
S7X1ZT0144,22010529,TN-01001598
S7X1ZT0602,22015001,TN-01001704
S7X1ZT0601,22015002,TN-01001705
S7X1ZT0581,22015003,TN-01003541
S7X1ZT0586,22015004,TN-01001662
S7X1ZT0610,22015005,TN-01001702
S7X1ZT0604,22015006,TN-01001707
S7X1ZT0605,22015007,TN-01001706
S7X1ZT0595,22015012,TN-01003529
S7X1ZT0609,22015014,TN-01001664
S7X1ZT0597,22015015,TN-01001663
S7X1ZT0600,22015016,TN-01001575
S7X1ZT0608,22015017,TN-01001665
S7X1ZT0591,22015018,TN-01001574
S7X1ZT0611,22015019,TN-01001703
S7X1ZT0599,22015020,TN-01001573
S7X1ZT0598,22015201,TN-01003459
S7X1ZT0616,22020001,TN-01001709
S7X1ZT0380,22020034,TN-01001608
S7X1ZT0377,22020035,TN-01003491
S7X1ZT0445,22020036,TN-01001605
S7X1ZT0449,22020037,TN-01003487
S7X1ZT0388,22020326,TN-01001681
S7X1ZT0389,22020439,TN-01003532
S7X1ZT0398,22020444,TN-01003537
S7X1ZT0399,22020445,TN-01001689
S7X1ZT0400,22020446,TN-01003538
S7X1ZT0390,22020447,TN-01003539
S7X1ZT0396,22020449,TN-01001686
S7X1ZT0392,22020450,TN-01003531
S7X1ZT0391,22020451,TN-01001685
S7X1ZT0393,22020452,TN-01001682
S7X1ZT0397,22020453,TN-01001694
S7X1ZT0394,22020454,TN-01003530
S7X1ZT0402,22020455,TN-01001683
S7X1ZT0789,22020463,TN-01003528
S7X1ZT0563,22025002,TN-01001708
S7X1ZT0652,22025036,TN-01001746
S7X1ZT0562,22025201,TN-01001654
S7X1ZT0566,22025202,TN-01001655
S7X1ZT0565,22025203,TN-01001656
S7X1ZT0571,22025204,TN-01001659
S7X1ZT0568,22025205,TN-01003527
S7X1ZT0580,22025206,TN-01001653
S7X1ZT0584,22025207,TN-01001660
S7X1ZT0567,22025208,TN-01001657
S7X1ZT0587,22025209,TN-01001652
S7X1ZT0572,22025210,TN-01001658
S7X1ZT0590,22025211,TN-01003524
S7X1ZT0596,22025212,TN-01001651
S7X1ZT0564,22025253,TN-01001650
S7X1ZT0594,22025255,TN-01003526
S7X1ZT0578,22025256,TN-01003525
S7X1ZT0592,22025258,TN-01001649
S7X1ZT0613,22025259,TN-01003523
S7X1ZT0468,22030001,TN-01001698
S7X1ZT0469,22030002,TN-01001699
S7X1ZT0470,22030036,TN-01001700
S7X1ZT0471,22030037,TN-01001695
S7X1ZT0472,22030038,TN-01001696
S7X1ZT0474,22030040,TN-01003540
S7X1ZT0476,22030042,TN-01001701
S7X1ZT0647,22030043,TN-01003552
S7X1ZT0618,22030044,TN-01001721
S7X1ZT0619,22030045,TN-01001722
S7X1ZT0621,22030046,TN-01001723
S7X1ZT0644,22030047,TN-01001734
S7X1ZT0646,22030048,TN-01001735
S7X1ZT0641,22030049,TN-01001736
S7X1ZT0645,22030050,TN-01001737
S7X1ZT0649,22030051,TN-01001738
S7X1ZT0648,22030053,TN-01001739
S7X1ZT0704,22030054,TN-01003554
S7X1ZT0705,22030055,TN-01001740
S7X1ZT0701,22030057,TN-01003623
S7X1ZT0702,22030058,TN-01001747
S7X1ZT0710,22030060,TN-01003555
S7X1ZT0711,22030061,TN-01001741
S7X1ZT0784,22030062,TN-01001742
S7X1ZT0785,22030063,TN-01001743
S7X1ZT0786,22030064,TN-01001745
S7X1ZT0787,22030065,TN-01003556
S7X1ZT0788,22030066,TN-01001744
S7X1ZT0858,22030090,TN-01003557
S7X1ZT0955,22030091,TN-01003559
S7X1ZT0651,22035000,TN-01003558
S7X1ZT0956,22040001,TN-01003560
S7X1ZT1010,22040002,TN-01003561
S7X1ZT1011,22040003,TN-01003562
S7X1ZT1012,22040004,TN-01001749
S7X1ZT1013,22040005,TN-01001750
S7X1ZT1014,22040006,TN-01001751
S7X1ZT1015,22040007,TN-01001752
S7X1ZT1029,22040008,TN-01001757
S7X1ZT1019,22040010,TN-01001753
S7X1ZT1020,22040011,TN-01003563
S7X1ZT1021,22040012,TN-01001754
S7X1ZT1022,22040013,TN-01001755
S7X1ZT1023,22040014,TN-01003564
S7X1ZT1024,22040015,TN-01003565
S7X1ZT1025,22040016,TN-01003566
S7X1ZT1026,22040017,TN-01003567
S7X1ZT1027,22040018,TN-01003568
S7X1ZT1028,22040019,TN-01003569
S7X1ZT1032,22040020,TN-01003570
S7X1ZT1033,22040021,TN-01001778
S7X1ZT1034,22040022,TN-01001779
S7X1ZT1035,22040023,TN-01001781
S7X1ZT1036,22040024,TN-01001780
S7X1ZT1038,22040025,TN-01001789
S7X1ZT1039,22040026,TN-01001790
S7X1ZT1040,22040027,TN-01001791
S7X1ZT1041,22040028,TN-01001792
S7X1ZT1042,22040029,TN-01001794
S7X1ZT1043,22040030,TN-01001795
S7X1ZT1044,22040031,TN-01001796
S7X1ZT1045,22040032,TN-01001797
S7X1ZT1046,22040033,TN-01001798
S7X1ZT1047,22040034,TN-01001799
S7X1ZT0748,22045301,TN-01003572
S7X1ZT0749,22045302,TN-01001782
S7X1ZT0750,22045303,TN-01001783
S7X1ZT0751,22045304,TN-01001784
S7X1ZT0752,22045305,TN-01001785
S7X1ZT0753,22045306,TN-01001786
S7X1ZT0754,22045307,TN-01001787
S7X1ZT0755,22045308,TN-01003573
S7X1ZT0758,22045311,TN-01005216
S7X1ZT0759,22045312,TN-01005217
S7X1ZT0760,22045313,TN-01005219
S7X1ZT0761,22045314,TN-01005218
S7X1ZT0762,22045315,TN-01005220
S7X1ZT0763,22045316,TN-01005750
S7X1ZT0769,22045322,TN-01005751
S7X1ZT0774,22045327,TN-01001811
S7X1ZT0775,22045328,TN-01005752
S7X1ZT0781,22045334,TN-01001812
S7X1ZT1048,22050001,TN-01001803
S7X1ZT1049,22050002,TN-01006407
S7X1ZT1050,22050003,TN-01001793
S7X1ZT1053,22050005,TN-01001813
S7X1ZT1054,22050006,TN-01001814
S7X1ZT1056,22050008,TN-01001804
S7X1ZT1057,22050009,TN-01003578
S7X1ZT1058,22050010,TN-01001810
S7X1ZT1059,22050011,TN-01003579
S7X1ZT1060,22050012,TN-01005032
S7X1ZT1062,22050014,TN-01003628
S7X1ZT1063,22050015,TN-01001805
S7X1ZT1064,22050016,TN-01001808
S7X1ZT1067,22050019,TN-01001821
S7X1ZT1068,22050020,TN-01001825
S7X1ZT1069,22050021,TN-01001823
S7X1ZT1070,22050022,TN-01001818
S7X1ZT1071,22050023,TN-01001826
S7X1ZT1072,22050024,TN-01001817
S7X1ZT1073,22050025,TN-01001820
S7X1ZT1074,22050026,TN-01001819
S7X1ZT1075,22050027,TN-01001824
S7X1ZT1076,22050028,TN-01001827
S7X1ZT1077,22050029,TN-01001822
S7X1ZT1078,22050030,TN-01001839
S7X1ZT1079,22050031,TN-01003625
S7X1ZT1080,22050032,TN-01003626
S7X1ZT1081,22050033,TN-01001846
S7X1ZT1082,22050034,TN-01001845
S7X1ZT1083,22050035,TN-01001838
S7X1ZT1084,22050036,TN-01001843
S7X1ZT1085,22050037,TN-01001841
S7X1ZT1086,22050038,TN-01001842
S7X1ZT1087,22050039,TN-01001840
S7X1ZT1088,22050040,TN-01001848
S7X1ZT1089,22050041,TN-01001847
S7X1ZT1090,22050042,TN-01001849
S7X1ZT1091,22050043,TN-01001850
S7X1ZT1092,22050044,TN-01001851
S7X1ZT1093,22050045,TN-01001852
S7X1ZT1094,22050046,TN-01001853
S7X1ZT1095,22050047,TN-01001854
S7X1ZT1096,22050048,TN-01001855
S7X1ZT1097,22050049,TN-01001856
S7X1ZT1098,22050050,TN-01001844
S7X1ZT1165,22050062,TN-01001863
S7X1ZT1167,22050064,TN-01001864
S7X1ZT1171,22060003,TN-01001866
S7X1ZT1173,22060005,TN-01001890
S7X1ZT1174,22060006,TN-01001867
S7X1ZT1176,22060008,TN-01001865
S7X1ZT1193,22060053,TN-01001897
S7X1ZT1195,22060057,TN-01001914
S7X1ZT1197,22060063,TN-01001910
S7X1ZT1198,22060064,TN-01001912
S7X1ZT1208,22060066,TN-01001913
S7X1ZT1209,22060067,TN-01001907
S7X1ZT1210,22060068,TN-01001908
S7X1ZT1211,22060069,TN-01001909
S7X1ZT1222,22070024,TN-01001919
S7X1ZT1232,22070026,TN-01003850
S7X1ZT1228,22070027,TN-01003847
S7X1ZT1230,22070029,TN-01003849
S7X1ZT1245,22070032,TN-01003872
S7X1ZT1246,22070033,TN-01003874
S7X1ZT1247,22070034,TN-01003873
S7X1ZT1248,22070035,TN-01003875
S7X1ZT1275,22070037,TN-01003992
S7X1ZT1243,22070038,TN-01003869
S7X1ZT1241,22070039,TN-01003867
S7X1ZT1244,22070040,TN-01003870
S7X1ZT1240,22070041,TN-01003866
S7X1ZT1239,22070042,TN-01003865
S7X1ZT1249,22070044,TN-01003871
S7X1ZT1237,22070045,TN-01003864
S7X1ZT1242,22070046,TN-01003868
S7X1ZT1235,22070047,TN-01003862
S7X1ZT1236,22070048,TN-01003863
S7X1ZT1276,22070049,TN-01003993
S7X1ZT1277,22070050,TN-01005048
S7X1ZT1278,22070051,TN-01003994
S7X1ZT1279,22070052,TN-01003995
S7X1ZT1280,22080001,TN-01003996
S7X1ZT1281,22080002,TN-01003997
S7X1ZT1282,22080003,TN-01003998
S7X1ZT1283,22080004,TN-01003999
S7X1ZT1284,22080005,TN-01004000
S7X1ZT1285,22080006,TN-01004001
S7X1ZT1286,22080007,TN-01004002
S7X1ZT1287,22080008,TN-01004004
S7X1ZT1288,22080009,TN-01004003
S7X1ZT1289,22080010,TN-01004005
S7X1ZT1290,22080011,TN-01004006
S7X1ZT1291,22080012,TN-01004007
S7X1ZT1292,22080013,TN-01004008
S7X1ZT1293,22080014,TN-01004009
S7X1ZT1294,22080015,TN-01004010
S7X1ZT1295,22080016,TN-01004011
S7X1ZT1296,22080017,TN-01004012
S7X1ZT1297,22080018,TN-01004013
S7X1ZT1298,22080019,TN-01004014
S7X1ZT1299,22080020,TN-01004015
S7X1ZT1300,22080021,TN-01004016
S7X1ZT1301,22080022,TN-01004017
S7X1ZT1264,22080112,TN-01005067
S7X1ZT0512,21020045A 21020045B,TN-01001048
S7X1ZT0517,21050037A 21050037B,TN-01001320
S7X1ZT0691,21110137A-21110137B,TN-01001506
S7X1ZT0692,21120004A-21120004B,TN-01001511
S7X1ZT0693,21120007A-21120007B,TN-01001512
S7X1ZT0694,21120008A-21120008B,TN-01003434
S7X1ZT0695,21120009A-21120009B,TN-01001513
S7X1ZT0696,21120010A-21120010B,TN-01001514
S7X1ZT0697,21120013A-21120013B,TN-01001515
S7X1ZT0698,21120032A-21120032B,TN-01001516
S7X1ZT0475,22030041A-22030041B,TN-01001697
S7X1ZT0643,22030052A-B,TN-01003553
S7X1ZT1164,22050061A-B,TN-01005759
S7X1ZT1166,22050063A-B,TN-01001861
S7X1ZT1168,22050065A-B,TN-01001862
S7X1ZT1169,22060001A-B,TN-01001889
S7X1ZT1224,22070017A-B,TN-01001915
S7X1ZT1225,22070018A-B,TN-01001916
S7X1ZT1226,22070019A-B,TN-01001917
S7X1ZT1227,22070020A-B,TN-01001918
S7X1ZT1229,22070028A-B,TN-01003848
S7X1ZT1234,22070036A-B,TN-01003861
S7X1ZT1238,22070043A-B,TN-01005044
S7X1ZT0444,DC06252020-07,TN-01003093
S7X1ZT0454,HT01062002,TN-01003075
S7X1ZT0447,JM09111901,TN-01001047
S7X1ZT0450,S-0049,TN-01001604
S7X1ZT0448,S-0063,TN-01001554
S7X1ZT0453,S-0065,TN-01001555
S7X1ZT0452,S-0069,TN-01001553
S7X1ZT0455,S-0070,TN-01003473
S7X1ZT1189,V-107,TN-01005247
S7X1ZT1188,V-108,TN-01005248
S7X1ZT1178,V-109,TN-01001873
S7X1ZT1192,V-111,TN-01005258
S7X1ZT1180,V-114,TN-01001872
S7X1ZT1181,V-115,TN-01001874
S7X1ZT1182,V-118,TN-01005249
S7X1ZT1177,V-120,TN-01001871
S7X1ZT1183,V-121,TN-01005250
S7X1ZT1191,V-125,TN-01005259
S7X1ZT1190,V-126,TN-01005260